name,iterations,real_time,cpu_time,time_unit,bytes_per_second,items_per_second,label,error_occurred,error_message
"BM__emplace_back__type_small__DEFAULT_BUFFER_1__type_std/4",319068,1995.89,1999.87,ns,,,,,
"BM__emplace_back__type_small__DEFAULT_BUFFER_1__type_std/8",319817,2191.02,2197.5,ns,,,,,
"BM__emplace_back__type_small__DEFAULT_BUFFER_1__type_std/16",268957,2605.26,2609.83,ns,,,,,
"BM__emplace_back__type_small__DEFAULT_BUFFER_1__type_std/32",206839,3344.78,3354.07,ns,,,,,
"BM__emplace_back__type_small__DEFAULT_BUFFER_1__type_persistent/4",85602,8114.13,8114,ns,,,,,
"BM__emplace_back__type_small__DEFAULT_BUFFER_1__type_persistent/8",44789,15634.1,15620.1,ns,,,,,
"BM__emplace_back__type_small__DEFAULT_BUFFER_1__type_persistent/16",22795,30701.3,30685.6,ns,,,,,
"BM__emplace_back__type_small__DEFAULT_BUFFER_1__type_persistent/32",11460,60469.2,60436.5,ns,,,,,
"BM__emplace_back__type_small__DEFAULT_BUFFER_1__type_VT/4",9935,70766.8,70747.9,ns,,,,,
"BM__emplace_back__type_small__DEFAULT_BUFFER_1__type_VT/8",5379,130291,130280,ns,,,,,
"BM__emplace_back__type_small__DEFAULT_BUFFER_1__type_VT/16",2825,248490,248448,ns,,,,,
"BM__emplace_back__type_small__DEFAULT_BUFFER_1__type_VT/32",1426,489073,488913,ns,,,,,
"BM__emplace_back__type_small__DEFAULT_BUFFER_2__type_std/16",22716,31329.2,31258.2,ns,,,,,
"BM__emplace_back__type_small__DEFAULT_BUFFER_2__type_std/64",20721,33855.8,33775.5,ns,,,,,
"BM__emplace_back__type_small__DEFAULT_BUFFER_2__type_std/256",16233,43407.4,43280.4,ns,,,,,
"BM__emplace_back__type_small__DEFAULT_BUFFER_2__type_std/1024",8781,81456,81325.5,ns,,,,,
"BM__emplace_back__type_small__DEFAULT_BUFFER_2__type_persistent/16",906,771980,771971,ns,,,,,
"BM__emplace_back__type_small__DEFAULT_BUFFER_2__type_persistent/64",226,3.12332e+06,3.11967e+06,ns,,,,,
"BM__emplace_back__type_small__DEFAULT_BUFFER_2__type_persistent/256",56,1.22529e+07,1.22521e+07,ns,,,,,
"BM__emplace_back__type_small__DEFAULT_BUFFER_2__type_persistent/1024",14,4.96703e+07,4.96613e+07,ns,,,,,
"BM__emplace_back__type_small__DEFAULT_BUFFER_2__type_VT/16",556,1.2492e+06,1.24754e+06,ns,,,,,
"BM__emplace_back__type_small__DEFAULT_BUFFER_2__type_VT/64",275,2.55913e+06,2.55912e+06,ns,,,,,
"BM__emplace_back__type_small__DEFAULT_BUFFER_2__type_VT/256",89,7.8642e+06,7.85186e+06,ns,,,,,
"BM__emplace_back__type_small__DEFAULT_BUFFER_2__type_VT/1024",24,2.8964e+07,2.89283e+07,ns,,,,,
"BM__emplace_back__type_small__DEFAULT_BUFFER_3__type_std/64",747,936965,936862,ns,,,,,
"BM__emplace_back__type_small__DEFAULT_BUFFER_3__type_std/512",737,959397,958775,ns,,,,,
"BM__emplace_back__type_small__DEFAULT_BUFFER_3__type_std/4096",612,1.14624e+06,1.14551e+06,ns,,,,,
"BM__emplace_back__type_small__DEFAULT_BUFFER_3__type_std/32768",274,2.55641e+06,2.55481e+06,ns,,,,,
"BM__emplace_back__type_small__DEFAULT_BUFFER_3__type_persistent/64",7,9.88269e+07,9.87649e+07,ns,,,,,
"BM__emplace_back__type_small__DEFAULT_BUFFER_3__type_persistent/512",1,7.88862e+08,7.88764e+08,ns,,,,,
"BM__emplace_back__type_small__DEFAULT_BUFFER_3__type_persistent/4096",1,6.30013e+09,6.29759e+09,ns,,,,,
"BM__emplace_back__type_small__DEFAULT_BUFFER_3__type_persistent/32768",1,4.985e+10,4.98455e+10,ns,,,,,
"BM__emplace_back__type_small__DEFAULT_BUFFER_3__type_VT/64",22,3.14715e+07,3.14723e+07,ns,,,,,
"BM__emplace_back__type_small__DEFAULT_BUFFER_3__type_VT/512",14,4.8457e+07,4.84545e+07,ns,,,,,
"BM__emplace_back__type_small__DEFAULT_BUFFER_3__type_VT/4096",4,1.88304e+08,1.88298e+08,ns,,,,,
"BM__emplace_back__type_small__DEFAULT_BUFFER_3__type_VT/32768",1,1.30989e+09,1.30979e+09,ns,,,,,
"BM__emplace_back__type_large__DEFAULT_BUFFER_1__type_std/4",100247,6962.67,6967.75,ns,,,,,
"BM__emplace_back__type_large__DEFAULT_BUFFER_1__type_std/8",69907,9885.21,9887.84,ns,,,,,
"BM__emplace_back__type_large__DEFAULT_BUFFER_1__type_std/16",40524,17169,17175.7,ns,,,,,
"BM__emplace_back__type_large__DEFAULT_BUFFER_1__type_std/32",23615,30198.4,30211.4,ns,,,,,
"BM__emplace_back__type_large__DEFAULT_BUFFER_1__type_persistent/4",25539,27221.6,27231.1,ns,,,,,
"BM__emplace_back__type_large__DEFAULT_BUFFER_1__type_persistent/8",12983,53462.2,53471.2,ns,,,,,
"BM__emplace_back__type_large__DEFAULT_BUFFER_1__type_persistent/16",6535,105611,105627,ns,,,,,
"BM__emplace_back__type_large__DEFAULT_BUFFER_1__type_persistent/32",3333,210988,211015,ns,,,,,
"BM__emplace_back__type_large__DEFAULT_BUFFER_1__type_VT/4",9306,73956.3,73969.8,ns,,,,,
"BM__emplace_back__type_large__DEFAULT_BUFFER_1__type_VT/8",5090,137200,137236,ns,,,,,
"BM__emplace_back__type_large__DEFAULT_BUFFER_1__type_VT/16",2554,274323,274425,ns,,,,,
"BM__emplace_back__type_large__DEFAULT_BUFFER_1__type_VT/32",1207,577709,577903,ns,,,,,
"BM__emplace_back__type_large__DEFAULT_BUFFER_2__type_std/16",5739,121468,121431,ns,,,,,
"BM__emplace_back__type_large__DEFAULT_BUFFER_2__type_std/64",4354,157598,157561,ns,,,,,
"BM__emplace_back__type_large__DEFAULT_BUFFER_2__type_std/256",2272,311139,311119,ns,,,,,
"BM__emplace_back__type_large__DEFAULT_BUFFER_2__type_std/1024",744,915023,915105,ns,,,,,
"BM__emplace_back__type_large__DEFAULT_BUFFER_2__type_persistent/16",174,3.95452e+06,3.9545e+06,ns,,,,,
"BM__emplace_back__type_large__DEFAULT_BUFFER_2__type_persistent/64",44,1.56931e+07,1.56935e+07,ns,,,,,
"BM__emplace_back__type_large__DEFAULT_BUFFER_2__type_persistent/256",11,6.28136e+07,6.28065e+07,ns,,,,,
"BM__emplace_back__type_large__DEFAULT_BUFFER_2__type_persistent/1024",3,2.54608e+08,2.54276e+08,ns,,,,,
"BM__emplace_back__type_large__DEFAULT_BUFFER_2__type_VT/16",208,3.35797e+06,3.34765e+06,ns,,,,,
"BM__emplace_back__type_large__DEFAULT_BUFFER_2__type_VT/64",138,5.07201e+06,5.0588e+06,ns,,,,,
"BM__emplace_back__type_large__DEFAULT_BUFFER_2__type_VT/256",64,1.09498e+07,1.09424e+07,ns,,,,,
"BM__emplace_back__type_large__DEFAULT_BUFFER_2__type_VT/1024",21,3.39049e+07,3.38819e+07,ns,,,,,
"BM__emplace_back__type_large__DEFAULT_BUFFER_3__type_std/64",33,2.15287e+07,2.15055e+07,ns,,,,,
"BM__emplace_back__type_large__DEFAULT_BUFFER_3__type_std/512",32,2.20392e+07,2.19882e+07,ns,,,,,
"BM__emplace_back__type_large__DEFAULT_BUFFER_3__type_std/4096",27,2.62318e+07,2.61856e+07,ns,,,,,
"BM__emplace_back__type_large__DEFAULT_BUFFER_3__type_std/32768",11,6.03932e+07,6.03459e+07,ns,,,,,
"BM__emplace_back__type_large__DEFAULT_BUFFER_3__type_persistent/64",1,2.54359e+09,2.53931e+09,ns,,,,,
"BM__emplace_back__type_large__DEFAULT_BUFFER_3__type_persistent/512",1,2.03928e+10,2.0363e+10,ns,,,,,
"BM__emplace_back__type_large__DEFAULT_BUFFER_3__type_persistent/4096",1,1.63526e+11,1.63353e+11,ns,,,,,
"BM__emplace_back__type_large__DEFAULT_BUFFER_3__type_persistent/32768",1,1.31521e+12,1.31372e+12,ns,,,,,
"BM__emplace_back__type_large__DEFAULT_BUFFER_3__type_VT/64",13,5.15557e+07,5.15523e+07,ns,,,,,
"BM__emplace_back__type_large__DEFAULT_BUFFER_3__type_VT/512",8,6.80383e+07,6.80326e+07,ns,,,,,
"BM__emplace_back__type_large__DEFAULT_BUFFER_3__type_VT/4096",3,2.17276e+08,2.17264e+08,ns,,,,,
"BM__emplace_back__type_large__DEFAULT_BUFFER_3__type_VT/32768",1,1.42787e+09,1.42769e+09,ns,,,,,
"BM__pop_back__type_small__DEFAULT_BUFFER_1__type_std/4",945619,755.633,757.48,ns,,,,,
"BM__pop_back__type_small__DEFAULT_BUFFER_1__type_std/8",837657,836.135,837.684,ns,,,,,
"BM__pop_back__type_small__DEFAULT_BUFFER_1__type_std/16",715625,974.058,975.276,ns,,,,,
"BM__pop_back__type_small__DEFAULT_BUFFER_1__type_std/32",558622,1254.53,1256.59,ns,,,,,
"BM__pop_back__type_small__DEFAULT_BUFFER_1__type_persistent/4",188169,3713.27,3717.32,ns,,,,,
"BM__pop_back__type_small__DEFAULT_BUFFER_1__type_persistent/8",104125,6690.78,6694.63,ns,,,,,
"BM__pop_back__type_small__DEFAULT_BUFFER_1__type_persistent/16",55084,12665.8,12673.5,ns,,,,,
"BM__pop_back__type_small__DEFAULT_BUFFER_1__type_persistent/32",28672,24705,24713.3,ns,,,,,
"BM__pop_back__type_small__DEFAULT_BUFFER_1__type_VT/4",9944,70102.2,70114,ns,,,,,
"BM__pop_back__type_small__DEFAULT_BUFFER_1__type_VT/8",5550,126724,126732,ns,,,,,
"BM__pop_back__type_small__DEFAULT_BUFFER_1__type_VT/16",2918,238169,238180,ns,,,,,
"BM__pop_back__type_small__DEFAULT_BUFFER_1__type_VT/32",1572,443379,443346,ns,,,,,
"BM__pop_back__type_small__DEFAULT_BUFFER_2__type_std/16",677523,1068.05,1018.98,ns,,,,,
"BM__pop_back__type_small__DEFAULT_BUFFER_2__type_std/64",371993,1907.75,1861.49,ns,,,,,
"BM__pop_back__type_small__DEFAULT_BUFFER_2__type_std/256",134359,5294.35,5250.56,ns,,,,,
"BM__pop_back__type_small__DEFAULT_BUFFER_2__type_std/1024",37645,18796.8,18761.7,ns,,,,,
"BM__pop_back__type_small__DEFAULT_BUFFER_2__type_persistent/16",2283,304579,304537,ns,,,,,
"BM__pop_back__type_small__DEFAULT_BUFFER_2__type_persistent/64",579,1.21507e+06,1.21501e+06,ns,,,,,
"BM__pop_back__type_small__DEFAULT_BUFFER_2__type_persistent/256",144,4.85148e+06,4.85106e+06,ns,,,,,
"BM__pop_back__type_small__DEFAULT_BUFFER_2__type_persistent/1024",36,1.9438e+07,1.94336e+07,ns,,,,,
"BM__pop_back__type_small__DEFAULT_BUFFER_2__type_VT/16",2885,241404,241419,ns,,,,,
"BM__pop_back__type_small__DEFAULT_BUFFER_2__type_VT/64",774,907554,907613,ns,,,,,
"BM__pop_back__type_small__DEFAULT_BUFFER_2__type_VT/256",192,3.60948e+06,3.60911e+06,ns,,,,,
"BM__pop_back__type_small__DEFAULT_BUFFER_2__type_VT/1024",48,1.45335e+07,1.45322e+07,ns,,,,,
"BM__pop_back__type_small__DEFAULT_BUFFER_3__type_std/64",336605,2269.46,2082.36,ns,,,,,
"BM__pop_back__type_small__DEFAULT_BUFFER_3__type_std/512",69394,10163.8,9985.21,ns,,,,,
"BM__pop_back__type_small__DEFAULT_BUFFER_3__type_std/4096",9573,73325.5,73178.2,ns,,,,,
"BM__pop_back__type_small__DEFAULT_BUFFER_3__type_std/32768",1226,572539,572405,ns,,,,,
"BM__pop_back__type_small__DEFAULT_BUFFER_3__type_persistent/64",18,3.81148e+07,3.81046e+07,ns,,,,,
"BM__pop_back__type_small__DEFAULT_BUFFER_3__type_persistent/512",2,3.05612e+08,3.05588e+08,ns,,,,,
"BM__pop_back__type_small__DEFAULT_BUFFER_3__type_persistent/4096",1,2.46037e+09,2.4602e+09,ns,,,,,
"BM__pop_back__type_small__DEFAULT_BUFFER_3__type_persistent/32768",1,1.96112e+10,1.96089e+10,ns,,,,,
"BM__pop_back__type_small__DEFAULT_BUFFER_3__type_VT/64",333,2.11825e+06,2.11798e+06,ns,,,,,
"BM__pop_back__type_small__DEFAULT_BUFFER_3__type_VT/512",50,1.38588e+07,1.38569e+07,ns,,,,,
"BM__pop_back__type_small__DEFAULT_BUFFER_3__type_VT/4096",6,1.08811e+08,1.08789e+08,ns,,,,,
"BM__pop_back__type_small__DEFAULT_BUFFER_3__type_VT/32768",1,8.55991e+08,8.55955e+08,ns,,,,,
"BM__pop_back__type_large__DEFAULT_BUFFER_1__type_std/4",881842,822.337,805.556,ns,,,,,
"BM__pop_back__type_large__DEFAULT_BUFFER_1__type_std/8",790155,891.912,876.347,ns,,,,,
"BM__pop_back__type_large__DEFAULT_BUFFER_1__type_std/16",685838,1032.46,1017.1,ns,,,,,
"BM__pop_back__type_large__DEFAULT_BUFFER_1__type_std/32",535007,1337.4,1322.01,ns,,,,,
"BM__pop_back__type_large__DEFAULT_BUFFER_1__type_persistent/4",59857,11619.1,11625.3,ns,,,,,
"BM__pop_back__type_large__DEFAULT_BUFFER_1__type_persistent/8",31632,22144.5,22145.7,ns,,,,,
"BM__pop_back__type_large__DEFAULT_BUFFER_1__type_persistent/16",16091,43620.5,43624.8,ns,,,,,
"BM__pop_back__type_large__DEFAULT_BUFFER_1__type_persistent/32",8114,86105.9,86115.7,ns,,,,,
"BM__pop_back__type_large__DEFAULT_BUFFER_1__type_VT/4",8644,79084.5,79108.4,ns,,,,,
"BM__pop_back__type_large__DEFAULT_BUFFER_1__type_VT/8",4935,142178,142199,ns,,,,,
"BM__pop_back__type_large__DEFAULT_BUFFER_1__type_VT/16",2601,266010,266084,ns,,,,,
"BM__pop_back__type_large__DEFAULT_BUFFER_1__type_VT/32",1426,491271,491376,ns,,,,,
"BM__pop_back__type_large__DEFAULT_BUFFER_2__type_std/16",581690,1432.37,1199.09,ns,,,,,
"BM__pop_back__type_large__DEFAULT_BUFFER_2__type_std/64",341240,2294.53,2037.66,ns,,,,,
"BM__pop_back__type_large__DEFAULT_BUFFER_2__type_std/256",128606,5717.29,5464.3,ns,,,,,
"BM__pop_back__type_large__DEFAULT_BUFFER_2__type_std/1024",36573,19236.5,19004.7,ns,,,,,
"BM__pop_back__type_large__DEFAULT_BUFFER_2__type_persistent/16",339,2.03873e+06,2.03863e+06,ns,,,,,
"BM__pop_back__type_large__DEFAULT_BUFFER_2__type_persistent/64",87,8.1431e+06,8.14229e+06,ns,,,,,
"BM__pop_back__type_large__DEFAULT_BUFFER_2__type_persistent/256",22,3.27944e+07,3.27913e+07,ns,,,,,
"BM__pop_back__type_large__DEFAULT_BUFFER_2__type_persistent/1024",5,1.29659e+08,1.29646e+08,ns,,,,,
"BM__pop_back__type_large__DEFAULT_BUFFER_2__type_VT/16",2539,275929,275874,ns,,,,,
"BM__pop_back__type_large__DEFAULT_BUFFER_2__type_VT/64",684,1.00633e+06,1.00624e+06,ns,,,,,
"BM__pop_back__type_large__DEFAULT_BUFFER_2__type_VT/256",175,3.97955e+06,3.97928e+06,ns,,,,,
"BM__pop_back__type_large__DEFAULT_BUFFER_2__type_VT/1024",44,1.58558e+07,1.58541e+07,ns,,,,,
"BM__pop_back__type_large__DEFAULT_BUFFER_3__type_std/64",377,1.87521e+06,1.8742e+06,ns,,,,,
"BM__pop_back__type_large__DEFAULT_BUFFER_3__type_std/512",368,1.77086e+06,1.76717e+06,ns,,,,,
"BM__pop_back__type_large__DEFAULT_BUFFER_3__type_std/4096",364,1.97516e+06,1.97238e+06,ns,,,,,
"BM__pop_back__type_large__DEFAULT_BUFFER_3__type_std/32768",281,2.61869e+06,2.61745e+06,ns,,,,,
"BM__pop_back__type_large__DEFAULT_BUFFER_3__type_persistent/64",1,1.28094e+09,1.28079e+09,ns,,,,,
"BM__pop_back__type_large__DEFAULT_BUFFER_3__type_persistent/512",1,1.02667e+10,1.02648e+10,ns,,,,,
"BM__pop_back__type_large__DEFAULT_BUFFER_3__type_persistent/4096",1,8.22179e+10,8.22083e+10,ns,,,,,
"BM__pop_back__type_large__DEFAULT_BUFFER_3__type_persistent/32768",1,6.62053e+11,6.61337e+11,ns,,,,,
"BM__pop_back__type_large__DEFAULT_BUFFER_3__type_VT/64",137,5.20289e+06,5.19707e+06,ns,,,,,
"BM__pop_back__type_large__DEFAULT_BUFFER_3__type_VT/512",40,1.73877e+07,1.73861e+07,ns,,,,,
"BM__pop_back__type_large__DEFAULT_BUFFER_3__type_VT/4096",6,1.15405e+08,1.15401e+08,ns,,,,,
"BM__pop_back__type_large__DEFAULT_BUFFER_3__type_VT/32768",1,8.79683e+08,8.79587e+08,ns,,,,,
"BM__pop_front__type_small__DEFAULT_BUFFER_1__type_std/4",519739,1394.4,1397.23,ns,,,,,
"BM__pop_front__type_small__DEFAULT_BUFFER_1__type_std/8",348687,1985.34,1987.98,ns,,,,,
"BM__pop_front__type_small__DEFAULT_BUFFER_1__type_std/16",212501,3248.31,3250.86,ns,,,,,
"BM__pop_front__type_small__DEFAULT_BUFFER_1__type_std/32",118548,5914.83,5920.15,ns,,,,,
"BM__pop_front__type_small__DEFAULT_BUFFER_1__type_persistent/4",162554,4310.73,4314,ns,,,,,
"BM__pop_front__type_small__DEFAULT_BUFFER_1__type_persistent/8",87362,7818.46,7823.14,ns,,,,,
"BM__pop_front__type_small__DEFAULT_BUFFER_1__type_persistent/16",46139,15020.5,15022.3,ns,,,,,
"BM__pop_front__type_small__DEFAULT_BUFFER_1__type_persistent/32",23620,29274.8,29280.2,ns,,,,,
"BM__pop_front__type_small__DEFAULT_BUFFER_1__type_VT/4",8192,84667.3,84680.7,ns,,,,,
"BM__pop_front__type_small__DEFAULT_BUFFER_1__type_VT/8",4479,155352,155389,ns,,,,,
"BM__pop_front__type_small__DEFAULT_BUFFER_1__type_VT/16",2391,293055,293104,ns,,,,,
"BM__pop_front__type_small__DEFAULT_BUFFER_1__type_VT/32",1256,559183,559200,ns,,,,,
"BM__pop_front__type_small__DEFAULT_BUFFER_2__type_std/16",166891,4183.15,4138.31,ns,,,,,
"BM__pop_front__type_small__DEFAULT_BUFFER_2__type_std/64",49714,14130.2,14090,ns,,,,,
"BM__pop_front__type_small__DEFAULT_BUFFER_2__type_std/256",13124,52966.6,52934.4,ns,,,,,
"BM__pop_front__type_small__DEFAULT_BUFFER_2__type_std/1024",3609,194540,194497,ns,,,,,
"BM__pop_front__type_small__DEFAULT_BUFFER_2__type_persistent/16",2265,305548,305518,ns,,,,,
"BM__pop_front__type_small__DEFAULT_BUFFER_2__type_persistent/64",566,1.23094e+06,1.23091e+06,ns,,,,,
"BM__pop_front__type_small__DEFAULT_BUFFER_2__type_persistent/256",143,4.8255e+06,4.82519e+06,ns,,,,,
"BM__pop_front__type_small__DEFAULT_BUFFER_2__type_persistent/1024",36,1.95084e+07,1.95077e+07,ns,,,,,
"BM__pop_front__type_small__DEFAULT_BUFFER_2__type_VT/16",2185,320345,320390,ns,,,,,
"BM__pop_front__type_small__DEFAULT_BUFFER_2__type_VT/64",571,1.23435e+06,1.23433e+06,ns,,,,,
"BM__pop_front__type_small__DEFAULT_BUFFER_2__type_VT/256",145,4.83748e+06,4.83747e+06,ns,,,,,
"BM__pop_front__type_small__DEFAULT_BUFFER_2__type_VT/1024",36,1.92658e+07,1.92642e+07,ns,,,,,
"BM__pop_front__type_small__DEFAULT_BUFFER_3__type_std/64",2307,306314,306184,ns,,,,,
"BM__pop_front__type_small__DEFAULT_BUFFER_3__type_std/512",290,2.41641e+06,2.41624e+06,ns,,,,,
"BM__pop_front__type_small__DEFAULT_BUFFER_3__type_std/4096",38,1.82413e+07,1.82402e+07,ns,,,,,
"BM__pop_front__type_small__DEFAULT_BUFFER_3__type_std/32768",9,7.7118e+07,7.71125e+07,ns,,,,,
"BM__pop_front__type_small__DEFAULT_BUFFER_3__type_persistent/64",18,3.84363e+07,3.84301e+07,ns,,,,,
"BM__pop_front__type_small__DEFAULT_BUFFER_3__type_persistent/512",2,3.09863e+08,3.0986e+08,ns,,,,,
"BM__pop_front__type_small__DEFAULT_BUFFER_3__type_persistent/4096",1,2.47166e+09,2.4715e+09,ns,,,,,
"BM__pop_front__type_small__DEFAULT_BUFFER_3__type_persistent/32768",1,1.97803e+10,1.97781e+10,ns,,,,,
"BM__pop_front__type_small__DEFAULT_BUFFER_3__type_VT/64",212,3.29171e+06,3.28831e+06,ns,,,,,
"BM__pop_front__type_small__DEFAULT_BUFFER_3__type_VT/512",30,2.35627e+07,2.35422e+07,ns,,,,,
"BM__pop_front__type_small__DEFAULT_BUFFER_3__type_VT/4096",4,1.85263e+08,1.85166e+08,ns,,,,,
"BM__pop_front__type_small__DEFAULT_BUFFER_3__type_VT/32768",1,1.4623e+09,1.46135e+09,ns,,,,,
"BM__pop_front__type_large__DEFAULT_BUFFER_1__type_std/4",192488,3626.64,3633.69,ns,,,,,
"BM__pop_front__type_large__DEFAULT_BUFFER_1__type_std/8",105923,5843.36,5851.52,ns,,,,,
"BM__pop_front__type_large__DEFAULT_BUFFER_1__type_std/16",74040,9328.36,9334.17,ns,,,,,
"BM__pop_front__type_large__DEFAULT_BUFFER_1__type_std/32",51067,13483.8,13491.2,ns,,,,,
"BM__pop_front__type_large__DEFAULT_BUFFER_1__type_persistent/4",45732,15368.4,15377,ns,,,,,
"BM__pop_front__type_large__DEFAULT_BUFFER_1__type_persistent/8",22983,30097.6,30113.5,ns,,,,,
"BM__pop_front__type_large__DEFAULT_BUFFER_1__type_persistent/16",11666,60121,60133.3,ns,,,,,
"BM__pop_front__type_large__DEFAULT_BUFFER_1__type_persistent/32",5878,119156,119166,ns,,,,,
"BM__pop_front__type_large__DEFAULT_BUFFER_1__type_VT/4",7380,94660.3,94705.8,ns,,,,,
"BM__pop_front__type_large__DEFAULT_BUFFER_1__type_VT/8",4072,171353,171414,ns,,,,,
"BM__pop_front__type_large__DEFAULT_BUFFER_1__type_VT/16",2152,325638,325658,ns,,,,,
"BM__pop_front__type_large__DEFAULT_BUFFER_1__type_VT/32",1156,600045,600215,ns,,,,,
"BM__pop_front__type_large__DEFAULT_BUFFER_2__type_std/16",913,759149,759082,ns,,,,,
"BM__pop_front__type_large__DEFAULT_BUFFER_2__type_std/64",234,2.93585e+06,2.93578e+06,ns,,,,,
"BM__pop_front__type_large__DEFAULT_BUFFER_2__type_std/256",65,1.08167e+07,1.08157e+07,ns,,,,,
"BM__pop_front__type_large__DEFAULT_BUFFER_2__type_std/1024",29,2.41419e+07,2.4141e+07,ns,,,,,
"BM__pop_front__type_large__DEFAULT_BUFFER_2__type_persistent/16",249,2.79526e+06,2.79511e+06,ns,,,,,
"BM__pop_front__type_large__DEFAULT_BUFFER_2__type_persistent/64",63,1.10793e+07,1.10786e+07,ns,,,,,
"BM__pop_front__type_large__DEFAULT_BUFFER_2__type_persistent/256",16,4.48462e+07,4.48422e+07,ns,,,,,
"BM__pop_front__type_large__DEFAULT_BUFFER_2__type_persistent/1024",4,1.81251e+08,1.81241e+08,ns,,,,,
"BM__pop_front__type_large__DEFAULT_BUFFER_2__type_VT/16",1735,404795,404805,ns,,,,,
"BM__pop_front__type_large__DEFAULT_BUFFER_2__type_VT/64",467,1.49012e+06,1.49011e+06,ns,,,,,
"BM__pop_front__type_large__DEFAULT_BUFFER_2__type_VT/256",119,5.89284e+06,5.89276e+06,ns,,,,,
"BM__pop_front__type_large__DEFAULT_BUFFER_2__type_VT/1024",31,2.28241e+07,2.28236e+07,ns,,,,,
"BM__pop_front__type_large__DEFAULT_BUFFER_3__type_std/64",3,2.2931e+08,2.29276e+08,ns,,,,,
"BM__pop_front__type_large__DEFAULT_BUFFER_3__type_std/512",1,1.78279e+09,1.78267e+09,ns,,,,,
"BM__pop_front__type_large__DEFAULT_BUFFER_3__type_std/4096",1,1.34344e+10,1.34326e+10,ns,,,,,
"BM__pop_front__type_large__DEFAULT_BUFFER_3__type_std/32768",1,5.67504e+10,5.67453e+10,ns,,,,,
"BM__pop_front__type_large__DEFAULT_BUFFER_3__type_persistent/64",1,1.51684e+09,1.51672e+09,ns,,,,,
"BM__pop_front__type_large__DEFAULT_BUFFER_3__type_persistent/512",1,1.20712e+10,1.20693e+10,ns,,,,,
"BM__pop_front__type_large__DEFAULT_BUFFER_3__type_persistent/4096",1,9.71016e+10,9.70253e+10,ns,,,,,
"BM__pop_front__type_large__DEFAULT_BUFFER_3__type_persistent/32768",1,7.76104e+11,7.75575e+11,ns,,,,,
"BM__pop_front__type_large__DEFAULT_BUFFER_3__type_VT/64",110,6.38673e+06,6.37358e+06,ns,,,,,
"BM__pop_front__type_large__DEFAULT_BUFFER_3__type_VT/512",25,2.80115e+07,2.79809e+07,ns,,,,,
"BM__pop_front__type_large__DEFAULT_BUFFER_3__type_VT/4096",3,1.99651e+08,1.99267e+08,ns,,,,,
"BM__pop_front__type_large__DEFAULT_BUFFER_3__type_VT/32768",1,1.55917e+09,1.55754e+09,ns,,,,,
"BM__traversal__type_small__DEFAULT_BUFFER_1__type_std/4",290536,2411.61,2412.29,ns,,,,,
"BM__traversal__type_small__DEFAULT_BUFFER_1__type_std/8",168183,4181.19,4180.28,ns,,,,,
"BM__traversal__type_small__DEFAULT_BUFFER_1__type_std/16",93695,7605.39,7602.75,ns,,,,,
"BM__traversal__type_small__DEFAULT_BUFFER_1__type_std/32",48976,14432,14431.6,ns,,,,,
"BM__traversal__type_small__DEFAULT_BUFFER_1__type_persistent/4",286738,2451.79,2452.47,ns,,,,,
"BM__traversal__type_small__DEFAULT_BUFFER_1__type_persistent/8",169397,4133.46,4135.78,ns,,,,,
"BM__traversal__type_small__DEFAULT_BUFFER_1__type_persistent/16",92054,7558.75,7557.79,ns,,,,,
"BM__traversal__type_small__DEFAULT_BUFFER_1__type_persistent/32",48916,14413.7,14412.2,ns,,,,,
"BM__traversal__type_small__DEFAULT_BUFFER_1__type_VT/4",9245,75635.8,75548.9,ns,,,,,
"BM__traversal__type_small__DEFAULT_BUFFER_1__type_VT/8",5199,136254,136107,ns,,,,,
"BM__traversal__type_small__DEFAULT_BUFFER_1__type_VT/16",2689,256755,256586,ns,,,,,
"BM__traversal__type_small__DEFAULT_BUFFER_1__type_VT/32",1000,504384,504089,ns,,,,,
"BM__traversal__type_small__DEFAULT_BUFFER_2__type_std/16",3517,200804,200461,ns,,,,,
"BM__traversal__type_small__DEFAULT_BUFFER_2__type_std/64",869,801329,800354,ns,,,,,
"BM__traversal__type_small__DEFAULT_BUFFER_2__type_std/256",218,3.20159e+06,3.19911e+06,ns,,,,,
"BM__traversal__type_small__DEFAULT_BUFFER_2__type_std/1024",54,1.28395e+07,1.28255e+07,ns,,,,,
"BM__traversal__type_small__DEFAULT_BUFFER_2__type_persistent/16",3486,200861,200707,ns,,,,,
"BM__traversal__type_small__DEFAULT_BUFFER_2__type_persistent/64",864,799850,798961,ns,,,,,
"BM__traversal__type_small__DEFAULT_BUFFER_2__type_persistent/256",218,3.17861e+06,3.17666e+06,ns,,,,,
"BM__traversal__type_small__DEFAULT_BUFFER_2__type_persistent/1024",55,1.28504e+07,1.28365e+07,ns,,,,,
"BM__traversal__type_small__DEFAULT_BUFFER_2__type_VT/16",91,7.58506e+06,7.5756e+06,ns,,,,,
"BM__traversal__type_small__DEFAULT_BUFFER_2__type_VT/64",23,3.0508e+07,3.04808e+07,ns,,,,,
"BM__traversal__type_small__DEFAULT_BUFFER_2__type_VT/256",6,1.22554e+08,1.22455e+08,ns,,,,,
"BM__traversal__type_small__DEFAULT_BUFFER_2__type_VT/1024",2,4.89814e+08,4.89152e+08,ns,,,,,
"BM__traversal__type_small__DEFAULT_BUFFER_3__type_std/64",27,2.50801e+07,2.50456e+07,ns,,,,,
"BM__traversal__type_small__DEFAULT_BUFFER_3__type_std/512",3,2.03801e+08,2.03626e+08,ns,,,,,
"BM__traversal__type_small__DEFAULT_BUFFER_3__type_std/4096",1,1.62734e+09,1.62566e+09,ns,,,,,
"BM__traversal__type_small__DEFAULT_BUFFER_3__type_std/32768",1,1.29812e+10,1.29762e+10,ns,,,,,
"BM__traversal__type_small__DEFAULT_BUFFER_3__type_persistent/64",28,2.64671e+07,2.64657e+07,ns,,,,,
"BM__traversal__type_small__DEFAULT_BUFFER_3__type_persistent/512",3,2.01814e+08,2.01805e+08,ns,,,,,
"BM__traversal__type_small__DEFAULT_BUFFER_3__type_persistent/4096",1,1.61969e+09,1.61954e+09,ns,,,,,
"BM__traversal__type_small__DEFAULT_BUFFER_3__type_persistent/32768",1,1.30258e+10,1.30146e+10,ns,,,,,
"BM__traversal__type_small__DEFAULT_BUFFER_3__type_VT/64",1,1.06777e+09,1.06671e+09,ns,,,,,
"BM__traversal__type_small__DEFAULT_BUFFER_3__type_VT/512",1,8.46302e+09,8.45378e+09,ns,,,,,
"BM__traversal__type_small__DEFAULT_BUFFER_3__type_VT/4096",1,6.75243e+10,6.74973e+10,ns,,,,,
"BM__traversal__type_small__DEFAULT_BUFFER_3__type_VT/32768",1,5.388e+11,5.38591e+11,ns,,,,,
"BM__traversal__type_large__DEFAULT_BUFFER_1__type_std/4",287273,2511.1,2496.06,ns,,,,,
"BM__traversal__type_large__DEFAULT_BUFFER_1__type_std/8",168525,4209.68,4194.98,ns,,,,,
"BM__traversal__type_large__DEFAULT_BUFFER_1__type_std/16",90160,7571.43,7558.61,ns,,,,,
"BM__traversal__type_large__DEFAULT_BUFFER_1__type_std/32",48029,14473.1,14467.5,ns,,,,,
"BM__traversal__type_large__DEFAULT_BUFFER_1__type_persistent/4",284064,2482.04,2467.88,ns,,,,,
"BM__traversal__type_large__DEFAULT_BUFFER_1__type_persistent/8",167246,4203.42,4189.51,ns,,,,,
"BM__traversal__type_large__DEFAULT_BUFFER_1__type_persistent/16",90998,7535.25,7524.51,ns,,,,,
"BM__traversal__type_large__DEFAULT_BUFFER_1__type_persistent/32",48841,14342.3,14341.1,ns,,,,,
"BM__traversal__type_large__DEFAULT_BUFFER_1__type_VT/4",9323,75840,75832.1,ns,,,,,
"BM__traversal__type_large__DEFAULT_BUFFER_1__type_VT/8",5147,136582,136575,ns,,,,,
"BM__traversal__type_large__DEFAULT_BUFFER_1__type_VT/16",2699,260061,260056,ns,,,,,
"BM__traversal__type_large__DEFAULT_BUFFER_1__type_VT/32",1398,506005,505994,ns,,,,,
"BM__traversal__type_large__DEFAULT_BUFFER_2__type_std/16",3402,205317,205151,ns,,,,,
"BM__traversal__type_large__DEFAULT_BUFFER_2__type_std/64",849,822280,822070,ns,,,,,
"BM__traversal__type_large__DEFAULT_BUFFER_2__type_std/256",215,3.2594e+06,3.25915e+06,ns,,,,,
"BM__traversal__type_large__DEFAULT_BUFFER_2__type_std/1024",54,1.30216e+07,1.30206e+07,ns,,,,,
"BM__traversal__type_large__DEFAULT_BUFFER_2__type_persistent/16",3358,209684,209350,ns,,,,,
"BM__traversal__type_large__DEFAULT_BUFFER_2__type_persistent/64",851,827118,826441,ns,,,,,
"BM__traversal__type_large__DEFAULT_BUFFER_2__type_persistent/256",210,3.25972e+06,3.25449e+06,ns,,,,,
"BM__traversal__type_large__DEFAULT_BUFFER_2__type_persistent/1024",53,1.32316e+07,1.32203e+07,ns,,,,,
"BM__traversal__type_large__DEFAULT_BUFFER_2__type_VT/16",90,7.64777e+06,7.63751e+06,ns,,,,,
"BM__traversal__type_large__DEFAULT_BUFFER_2__type_VT/64",23,3.08103e+07,3.07778e+07,ns,,,,,
"BM__traversal__type_large__DEFAULT_BUFFER_2__type_VT/256",6,1.22774e+08,1.22623e+08,ns,,,,,
"BM__traversal__type_large__DEFAULT_BUFFER_2__type_VT/1024",2,4.89642e+08,4.89015e+08,ns,,,,,
"BM__traversal__type_large__DEFAULT_BUFFER_3__type_std/64",20,3.62539e+07,3.61742e+07,ns,,,,,
"BM__traversal__type_large__DEFAULT_BUFFER_3__type_std/512",3,2.61347e+08,2.61006e+08,ns,,,,,
"BM__traversal__type_large__DEFAULT_BUFFER_3__type_std/4096",1,2.0693e+09,2.06794e+09,ns,,,,,
"BM__traversal__type_large__DEFAULT_BUFFER_3__type_std/32768",1,1.6415e+10,1.63987e+10,ns,,,,,
"BM__traversal__type_large__DEFAULT_BUFFER_3__type_persistent/64",20,3.59141e+07,3.58457e+07,ns,,,,,
"BM__traversal__type_large__DEFAULT_BUFFER_3__type_persistent/512",3,2.59779e+08,2.59597e+08,ns,,,,,
"BM__traversal__type_large__DEFAULT_BUFFER_3__type_persistent/4096",1,2.05837e+09,2.0569e+09,ns,,,,,
"BM__traversal__type_large__DEFAULT_BUFFER_3__type_persistent/32768",1,1.62226e+10,1.62213e+10,ns,,,,,
"BM__traversal__type_large__DEFAULT_BUFFER_3__type_VT/64",1,1.10007e+09,1.09985e+09,ns,,,,,
"BM__traversal__type_large__DEFAULT_BUFFER_3__type_VT/512",1,8.94469e+09,8.94372e+09,ns,,,,,
"BM__traversal__type_large__DEFAULT_BUFFER_3__type_VT/4096",1,7.13691e+10,7.13225e+10,ns,,,,,
"BM__traversal__type_large__DEFAULT_BUFFER_3__type_VT/32768",1,5.67088e+11,5.67028e+11,ns,,,,,
